name,grammar,hop,n_edges,n_pairs,hide_hop_token,schedule,attn,krylov_m,krylov_rho,krylov_beta,krylov_state_decay,n_layers,d_model,n_heads,d_ff,seed,steps_budget,solved_step,best_acc,best_eval_loss,final_acc,final_eval_loss,final_ppl,elapsed_s
path_h2_d2_softmax_m1_seed1,path,2,3,6,True,softmax>softmax,softmax,1,1.0,0.5,1.0,2,128,4,512,1,30000,2250,0.9953125,0.6798242176280302,0.9953125,0.6798242176280302,1.9735307898147716,5.135156154632568
path_h2_d2_softmax_m1_seed2,path,2,3,6,True,softmax>softmax,softmax,1,1.0,0.5,1.0,2,128,4,512,2,30000,1500,0.996875,0.6984038577360265,0.996875,0.6984038577360265,2.010541035489442,3.3550055027008057
path_h2_d2_softmax_m1_seed3,path,2,3,6,True,softmax>softmax,softmax,1,1.0,0.5,1.0,2,128,4,512,3,30000,5750,0.99140625,0.6770187546225155,0.99140625,0.6772480375626508,1.9684531623851456,12.684669017791748
path_h2_d2_krylov_m1_seed1,path,2,3,6,True,krylov>krylov,krylov,1,1.0,0.5,1.0,2,128,4,512,1,30000,10000,1.0,0.6742626246284036,1.0,0.6742626246284036,1.9625852802375485,134.40251636505127
path_h2_d2_krylov_m1_seed2,path,2,3,6,True,krylov>krylov,krylov,1,1.0,0.5,1.0,2,128,4,512,2,30000,4750,1.0,0.6808017674614402,1.0,0.6808017674614402,1.9754609577735613,63.95604228973389
path_h2_d2_krylov_m1_seed3,path,2,3,6,True,krylov>krylov,krylov,1,1.0,0.5,1.0,2,128,4,512,3,30000,10250,1.0,0.675616247513715,1.0,0.675616247513715,1.9652436794163224,138.1894371509552
path_h2_d2_krylov_m2_seed1,path,2,3,6,True,krylov>krylov,krylov,2,1.0,0.5,1.0,2,128,4,512,1,30000,6250,0.99921875,0.6785262304193833,0.99921875,0.6785262304193833,1.9709708338481824,132.5430793762207
path_h2_d2_krylov_m2_seed2,path,2,3,6,True,krylov>krylov,krylov,2,1.0,0.5,1.0,2,128,4,512,2,30000,5750,1.0,0.6789056048673742,1.0,0.6789056048673742,1.9717187116741786,122.64748787879944
path_h2_d2_krylov_m2_seed3,path,2,3,6,True,krylov>krylov,krylov,2,1.0,0.5,1.0,2,128,4,512,3,30000,8000,1.0,0.6772717447841868,1.0,0.6772717447841868,1.968499829493521,170.5622832775116
path_h2_d2_krylov_m3_seed1,path,2,3,6,True,krylov>krylov,krylov,3,1.0,0.5,1.0,2,128,4,512,1,30000,5750,0.99140625,0.6793481490191291,0.99140625,0.6793481490191291,1.9725914773633675,165.64125108718872
path_h2_d2_krylov_m3_seed2,path,2,3,6,True,krylov>krylov,krylov,3,1.0,0.5,1.0,2,128,4,512,2,30000,5750,1.0,0.6789078488069422,1.0,0.6789078488069422,1.9717231360967766,163.25304079055786
path_h2_d2_krylov_m3_seed3,path,2,3,6,True,krylov>krylov,krylov,3,1.0,0.5,1.0,2,128,4,512,3,30000,7250,1.0,0.6777956373551313,1.0,0.6777956373551313,1.9695313821178826,207.8292272090912
path_h2_d2_krylov_then_softmax_m1_seed1,path,2,3,6,True,krylov>softmax,krylov,1,1.0,0.5,1.0,2,128,4,512,1,30000,14750,1.0,0.6713444934171788,1.0,0.6713444934171788,1.9568665469418072,119.02450513839722
path_h2_d2_krylov_then_softmax_m1_seed2,path,2,3,6,True,krylov>softmax,krylov,1,1.0,0.5,1.0,2,128,4,512,2,30000,,0.5484375,0.7115340008455164,0.50234375,0.7136245362898883,2.041376910472963,243.0459327697754
path_h2_d2_krylov_then_softmax_m1_seed3,path,2,3,6,True,krylov>softmax,krylov,1,1.0,0.5,1.0,2,128,4,512,3,30000,2000,1.0,0.6852648791144876,1.0,0.6852648791144876,1.984297364862101,16.343304872512817
path_h2_d2_krylov_then_softmax_m2_seed1,path,2,3,6,True,krylov>softmax,krylov,2,1.0,0.5,1.0,2,128,4,512,1,30000,2500,0.996875,0.6844697279088637,0.996875,0.6844697279088637,1.9827201755552042,29.648930072784424
path_h2_d2_krylov_then_softmax_m2_seed2,path,2,3,6,True,krylov>softmax,krylov,2,1.0,0.5,1.0,2,128,4,512,2,30000,27250,0.99375,0.6735271257512709,0.99375,0.6735674830044017,1.9612214795908183,319.46620082855225
path_h2_d2_krylov_then_softmax_m2_seed3,path,2,3,6,True,krylov>softmax,krylov,2,1.0,0.5,1.0,2,128,4,512,3,30000,2000,1.0,0.6845884771908031,1.0,0.6845884771908031,1.9829556361324485,23.68720769882202
path_h2_d2_krylov_then_softmax_m3_seed1,path,2,3,6,True,krylov>softmax,krylov,3,1.0,0.5,1.0,2,128,4,512,1,30000,4500,1.0,0.6759878943948184,1.0,0.6759878943948184,1.9659741918383091,69.69580364227295
path_h2_d2_krylov_then_softmax_m3_seed2,path,2,3,6,True,krylov>softmax,krylov,3,1.0,0.5,1.0,2,128,4,512,2,30000,6000,0.990625,0.6983133568483241,0.990625,0.6983133568483241,2.010359087974298,92.77479434013367
path_h2_d2_krylov_then_softmax_m3_seed3,path,2,3,6,True,krylov>softmax,krylov,3,1.0,0.5,1.0,2,128,4,512,3,30000,2000,0.99765625,0.6880881141213809,0.99765625,0.6880881141213809,1.9899074181697938,31.502238512039185
path_h2_d3_softmax_m1_seed1,path,2,3,6,True,softmax>softmax>softmax,softmax,1,1.0,0.5,1.0,3,128,4,512,1,30000,2500,0.996875,0.6791440262514002,0.996875,0.6791440262514002,1.972188867623715,7.176598787307739
path_h2_d3_softmax_m1_seed2,path,2,3,6,True,softmax>softmax>softmax,softmax,1,1.0,0.5,1.0,3,128,4,512,2,30000,2750,0.990625,0.6857292820425595,0.990625,0.6857292820425595,1.9852190923784212,7.970714807510376
path_h2_d3_softmax_m1_seed3,path,2,3,6,True,softmax>softmax>softmax,softmax,1,1.0,0.5,1.0,3,128,4,512,3,30000,4000,0.99765625,0.6790102453792797,0.99765625,0.6790102453792797,1.97192504412468,11.599328756332397
path_h2_d3_krylov_m1_seed1,path,2,3,6,True,krylov>krylov>krylov,krylov,1,1.0,0.5,1.0,3,128,4,512,1,30000,8500,1.0,0.67363099490895,1.0,0.67363099490895,1.961346044457862,166.7243151664734
path_h2_d3_krylov_m1_seed2,path,2,3,6,True,krylov>krylov>krylov,krylov,1,1.0,0.5,1.0,3,128,4,512,2,30000,8000,1.0,0.675724671868717,1.0,0.675724671868717,1.9654567712466482,157.38511562347412
path_h2_d3_krylov_m1_seed3,path,2,3,6,True,krylov>krylov>krylov,krylov,1,1.0,0.5,1.0,3,128,4,512,3,30000,7500,1.0,0.6732166458578671,1.0,0.6732166458578671,1.9605335309292256,148.3921205997467
path_h2_d3_krylov_m2_seed1,path,2,3,6,True,krylov>krylov>krylov,krylov,2,1.0,0.5,1.0,3,128,4,512,1,30000,7500,1.0,0.6741850852966309,1.0,0.6741850852966309,1.9624331085860922,237.9802474975586
path_h2_d3_krylov_m2_seed2,path,2,3,6,True,krylov>krylov>krylov,krylov,2,1.0,0.5,1.0,3,128,4,512,2,30000,6500,0.99921875,0.6755692510043874,0.99921875,0.6755692510043874,1.965151321993667,204.25824165344238
path_h2_d3_krylov_m2_seed3,path,2,3,6,True,krylov>krylov>krylov,krylov,2,1.0,0.5,1.0,3,128,4,512,3,30000,12250,1.0,0.6724879377028521,1.0,0.6724879377028521,1.9591053945675605,383.55408334732056
path_h2_d3_krylov_m3_seed1,path,2,3,6,True,krylov>krylov>krylov,krylov,3,1.0,0.5,1.0,3,128,4,512,1,30000,7250,1.0,0.6781382700976204,1.0,0.6781382700976204,1.970206323678692,318.80589056015015
path_h2_d3_krylov_m3_seed2,path,2,3,6,True,krylov>krylov>krylov,krylov,3,1.0,0.5,1.0,3,128,4,512,2,30000,6250,1.0,0.6761732662425322,1.0,0.6761732662425322,1.9663386618870071,270.62162733078003
path_h2_d3_krylov_m3_seed3,path,2,3,6,True,krylov>krylov>krylov,krylov,3,1.0,0.5,1.0,3,128,4,512,3,30000,12500,1.0,0.6729463437024285,1.0,0.6729463437024285,1.9600036661050337,538.8772141933441
path_h2_d3_krylov_then_softmax_m1_seed1,path,2,3,6,True,krylov>krylov>softmax,krylov,1,1.0,0.5,1.0,3,128,4,512,1,30000,6000,0.99453125,0.6801672514747171,0.99453125,0.6801672514747171,1.9742078938013097,85.27089858055115
path_h2_d3_krylov_then_softmax_m1_seed2,path,2,3,6,True,krylov>krylov>softmax,krylov,1,1.0,0.5,1.0,3,128,4,512,2,30000,6000,1.0,0.6760290314169491,1.0,0.6760290314169491,1.9660550678256343,85.83056569099426
path_h2_d3_krylov_then_softmax_m1_seed3,path,2,3,6,True,krylov>krylov>softmax,krylov,1,1.0,0.5,1.0,3,128,4,512,3,30000,7000,1.0,0.6741808330311495,1.0,0.6741808330311495,1.9624247638172672,99.41039538383484
path_h2_d3_krylov_then_softmax_m2_seed1,path,2,3,6,True,krylov>krylov>softmax,krylov,2,1.0,0.5,1.0,3,128,4,512,1,30000,11500,1.0,0.6733193032881792,1.0,0.6733193032881792,1.9607348045944932,249.24886298179626
path_h2_d3_krylov_then_softmax_m2_seed2,path,2,3,6,True,krylov>krylov>softmax,krylov,2,1.0,0.5,1.0,3,128,4,512,2,30000,5500,0.9984375,0.6765314831453211,0.9984375,0.6765314831453211,1.967043163807017,120.99168801307678
path_h2_d3_krylov_then_softmax_m2_seed3,path,2,3,6,True,krylov>krylov>softmax,krylov,2,1.0,0.5,1.0,3,128,4,512,3,30000,12500,0.99609375,0.6763359939350801,0.99609375,0.6763359939350801,1.9666586656762568,271.7795627117157
path_h2_d3_krylov_then_softmax_m3_seed1,path,2,3,6,True,krylov>krylov>softmax,krylov,3,1.0,0.5,1.0,3,128,4,512,1,30000,11000,0.99453125,0.6761515168582692,0.99453125,0.6761515168582692,1.9662958956969296,321.0913956165314
path_h2_d3_krylov_then_softmax_m3_seed2,path,2,3,6,True,krylov>krylov>softmax,krylov,3,1.0,0.5,1.0,3,128,4,512,2,30000,5250,1.0,0.677253672655891,1.0,0.677253672655891,1.9684642548335078,153.68105173110962
path_h2_d3_krylov_then_softmax_m3_seed3,path,2,3,6,True,krylov>krylov>softmax,krylov,3,1.0,0.5,1.0,3,128,4,512,3,30000,9500,0.990625,0.6787216859705308,0.990625,0.6787216859705308,1.9713561086896345,281.1323046684265
path_h2_d4_softmax_m1_seed1,path,2,3,6,True,softmax>softmax>softmax>softmax,softmax,1,1.0,0.5,1.0,4,128,4,512,1,30000,1750,1.0,0.6798985341015984,1.0,0.6798985341015984,1.9736774611135282,6.449557065963745
path_h2_d4_softmax_m1_seed2,path,2,3,6,True,softmax>softmax>softmax>softmax,softmax,1,1.0,0.5,1.0,4,128,4,512,2,30000,2000,1.0,0.6776946208056281,1.0,0.6776946208056281,1.9693324369020717,7.522728681564331
path_h2_d4_softmax_m1_seed3,path,2,3,6,True,softmax>softmax>softmax>softmax,softmax,1,1.0,0.5,1.0,4,128,4,512,3,30000,1750,0.99765625,0.6813086846295525,0.99765625,0.6813086846295525,1.9764626067030628,6.295434951782227
path_h2_d4_krylov_m1_seed1,path,2,3,6,True,krylov>krylov>krylov>krylov,krylov,1,1.0,0.5,1.0,4,128,4,512,1,30000,7500,1.0,0.6742777263416964,1.0,0.6742777263416964,1.9626149188615596,197.65484499931335
path_h2_d4_krylov_m1_seed2,path,2,3,6,True,krylov>krylov>krylov>krylov,krylov,1,1.0,0.5,1.0,4,128,4,512,2,30000,7750,1.0,0.6753224092371324,1.0,0.6753224092371324,1.964666300432675,203.10715460777283
path_h2_d4_krylov_m1_seed3,path,2,3,6,True,krylov>krylov>krylov>krylov,krylov,1,1.0,0.5,1.0,4,128,4,512,3,30000,10750,1.0,0.6733972016502829,1.0,0.6733972016502829,1.9608875485734667,280.33543062210083
path_h2_d4_krylov_m2_seed1,path,2,3,6,True,krylov>krylov>krylov>krylov,krylov,2,1.0,0.5,1.0,4,128,4,512,1,30000,6750,1.0,0.6754173811744241,1.0,0.6754173811744241,1.9648528974579589,278.5073971748352
path_h2_d4_krylov_m2_seed2,path,2,3,6,True,krylov>krylov>krylov>krylov,krylov,2,1.0,0.5,1.0,4,128,4,512,2,30000,7000,0.99453125,0.679031649757834,0.99453125,0.679031649757834,1.9719672524065248,287.8483955860138
path_h2_d4_krylov_m2_seed3,path,2,3,6,True,krylov>krylov>krylov>krylov,krylov,2,1.0,0.5,1.0,4,128,4,512,3,30000,6750,0.9984375,0.67821444904103,0.9984375,0.67821444904103,1.9703564176316557,280.69875836372375
path_h2_d4_krylov_m3_seed1,path,2,3,6,True,krylov>krylov>krylov>krylov,krylov,3,1.0,0.5,1.0,4,128,4,512,1,30000,6500,1.0,0.6756844324224135,1.0,0.6756844324224135,1.9653776839456651,381.18432116508484
path_h2_d4_krylov_m3_seed2,path,2,3,6,True,krylov>krylov>krylov>krylov,krylov,3,1.0,0.5,1.0,4,128,4,512,2,30000,6500,1.0,0.6751428828519933,1.0,0.6751428828519933,1.9643136226521845,383.14476585388184
path_h2_d4_krylov_m3_seed3,path,2,3,6,True,krylov>krylov>krylov>krylov,krylov,3,1.0,0.5,1.0,4,128,4,512,3,30000,6500,1.0,0.6781858640558579,1.0,0.6781858640558579,1.9703000958276566,374.1085834503174
path_h2_d4_krylov_then_softmax_m1_seed1,path,2,3,6,True,krylov>krylov>krylov>softmax,krylov,1,1.0,0.5,1.0,4,128,4,512,1,30000,11000,0.9953125,0.674218859392054,0.9953125,0.674218859392054,1.962499389108439,223.1932680606842
path_h2_d4_krylov_then_softmax_m1_seed2,path,2,3,6,True,krylov>krylov>krylov>softmax,krylov,1,1.0,0.5,1.0,4,128,4,512,2,30000,4750,0.99921875,0.6810116852031035,0.99921875,0.6810116852031035,1.975875685604403,96.9962511062622
path_h2_d4_krylov_then_softmax_m1_seed3,path,2,3,6,True,krylov>krylov>krylov>softmax,krylov,1,1.0,0.5,1.0,4,128,4,512,3,30000,3750,1.0,0.6802517357994529,1.0,0.6802517357994529,1.974374690467858,76.93413591384888
path_h2_d4_krylov_then_softmax_m2_seed1,path,2,3,6,True,krylov>krylov>krylov>softmax,krylov,2,1.0,0.5,1.0,4,128,4,512,1,30000,4500,1.0,0.6781489764942842,1.0,0.6781489764942842,1.9702274176020227,143.51098465919495
path_h2_d4_krylov_then_softmax_m2_seed2,path,2,3,6,True,krylov>krylov>krylov>softmax,krylov,2,1.0,0.5,1.0,4,128,4,512,2,30000,3250,1.0,0.6823757676517263,1.0,0.6823757676517263,1.9785727820605536,103.03445529937744
path_h2_d4_krylov_then_softmax_m2_seed3,path,2,3,6,True,krylov>krylov>krylov>softmax,krylov,2,1.0,0.5,1.0,4,128,4,512,3,30000,4500,1.0,0.6776524094974293,1.0,0.6776524094974293,1.96924931055808,143.0003044605255
path_h2_d4_krylov_then_softmax_m3_seed1,path,2,3,6,True,krylov>krylov>krylov>softmax,krylov,3,1.0,0.5,1.0,4,128,4,512,1,30000,5500,1.0,0.6769319281858557,1.0,0.6769319281858557,1.9678310142213484,239.67413973808289
path_h2_d4_krylov_then_softmax_m3_seed2,path,2,3,6,True,krylov>krylov>krylov>softmax,krylov,3,1.0,0.5,1.0,4,128,4,512,2,30000,4250,1.0,0.6802616540123435,1.0,0.6802616540123435,1.974394272833475,184.59277391433716
path_h2_d4_krylov_then_softmax_m3_seed3,path,2,3,6,True,krylov>krylov>krylov>softmax,krylov,3,1.0,0.5,1.0,4,128,4,512,3,30000,4750,0.9953125,0.6781732138465433,0.9953125,0.6781732138465433,1.9702751712766826,207.01281762123108
path_h3_d2_softmax_m1_seed1,path,3,3,6,True,softmax>softmax,softmax,1,1.0,0.5,1.0,2,128,4,512,1,30000,250,1.0,0.654914763394524,1.0,0.654914763394524,1.924978431756274,0.5620195865631104
path_h3_d2_softmax_m1_seed2,path,3,3,6,True,softmax>softmax,softmax,1,1.0,0.5,1.0,2,128,4,512,2,30000,250,1.0,0.6568988631753361,1.0,0.6568988631753361,1.9288015725329803,0.5612497329711914
path_h3_d2_softmax_m1_seed3,path,3,3,6,True,softmax>softmax,softmax,1,1.0,0.5,1.0,2,128,4,512,3,30000,250,1.0,0.6571839024038876,1.0,0.6571839024038876,1.9293514350077088,0.560753583908081
path_h3_d2_krylov_m1_seed1,path,3,3,6,True,krylov>krylov,krylov,1,1.0,0.5,1.0,2,128,4,512,1,30000,250,1.0,0.6578909481272978,1.0,0.6578909481272978,1.930716057057029,3.333667039871216
path_h3_d2_krylov_m1_seed2,path,3,3,6,True,krylov>krylov,krylov,1,1.0,0.5,1.0,2,128,4,512,2,30000,250,1.0,0.657477653727812,1.0,0.657477653727812,1.9299182677959228,3.328293561935425
path_h3_d2_krylov_m1_seed3,path,3,3,6,True,krylov>krylov,krylov,1,1.0,0.5,1.0,2,128,4,512,3,30000,250,1.0,0.6603923937853645,1.0,0.6603923937853645,1.935551683862283,3.334181547164917
path_h3_d2_krylov_m2_seed1,path,3,3,6,True,krylov>krylov,krylov,2,1.0,0.5,1.0,2,128,4,512,1,30000,250,1.0,0.657903943342321,1.0,0.657903943342321,1.9307411472903655,5.235203742980957
path_h3_d2_krylov_m2_seed2,path,3,3,6,True,krylov>krylov,krylov,2,1.0,0.5,1.0,2,128,4,512,2,30000,250,1.0,0.6576156195472268,1.0,0.6576156195472268,1.9301845489195673,5.22537636756897
path_h3_d2_krylov_m2_seed3,path,3,3,6,True,krylov>krylov,krylov,2,1.0,0.5,1.0,2,128,4,512,3,30000,250,1.0,0.660391482184915,1.0,0.660391482184915,1.9355499194133021,5.230130434036255
path_h3_d2_krylov_m3_seed1,path,3,3,6,True,krylov>krylov,krylov,3,1.0,0.5,1.0,2,128,4,512,1,30000,250,1.0,0.6579320318558637,1.0,0.6579320318558637,1.9307953797008788,7.115115642547607
path_h3_d2_krylov_m3_seed2,path,3,3,6,True,krylov>krylov,krylov,3,1.0,0.5,1.0,2,128,4,512,2,30000,250,1.0,0.6576284997603472,1.0,0.6576284997603472,1.9302094102680285,7.199049234390259
path_h3_d2_krylov_m3_seed3,path,3,3,6,True,krylov>krylov,krylov,3,1.0,0.5,1.0,2,128,4,512,3,30000,250,1.0,0.6604099161484662,1.0,0.6604099161484662,1.935585599598831,7.1115076541900635
path_h3_d2_krylov_then_softmax_m1_seed1,path,3,3,6,True,krylov>softmax,krylov,1,1.0,0.5,1.0,2,128,4,512,1,30000,250,1.0,0.6566188195172478,1.0,0.6566188195172478,1.9282614995104237,1.9668481349945068
path_h3_d2_krylov_then_softmax_m1_seed2,path,3,3,6,True,krylov>softmax,krylov,1,1.0,0.5,1.0,2,128,4,512,2,30000,250,1.0,0.6568077423993279,1.0,0.6568077423993279,1.9286258266440979,1.9634435176849365
path_h3_d2_krylov_then_softmax_m1_seed3,path,3,3,6,True,krylov>softmax,krylov,1,1.0,0.5,1.0,2,128,4,512,3,30000,250,1.0,0.658328603295719,1.0,0.658328603295719,1.9315612298517841,1.9668629169464111
path_h3_d2_krylov_then_softmax_m2_seed1,path,3,3,6,True,krylov>softmax,krylov,2,1.0,0.5,1.0,2,128,4,512,1,30000,250,1.0,0.6566009801976821,1.0,0.6566009801976821,1.928227100944152,2.9748616218566895
path_h3_d2_krylov_then_softmax_m2_seed2,path,3,3,6,True,krylov>softmax,krylov,2,1.0,0.5,1.0,2,128,4,512,2,30000,250,1.0,0.6567698422600241,1.0,0.6567698422600241,1.9285527328417444,2.953641891479492
path_h3_d2_krylov_then_softmax_m2_seed3,path,3,3,6,True,krylov>softmax,krylov,2,1.0,0.5,1.0,2,128,4,512,3,30000,250,1.0,0.6581616934608011,1.0,0.6581616934608011,1.9312388601898578,2.941277503967285
path_h3_d2_krylov_then_softmax_m3_seed1,path,3,3,6,True,krylov>softmax,krylov,3,1.0,0.5,1.0,2,128,4,512,1,30000,250,1.0,0.6565994851729449,1.0,0.6565994851729449,1.928224218199092,3.8476667404174805
path_h3_d2_krylov_then_softmax_m3_seed2,path,3,3,6,True,krylov>softmax,krylov,3,1.0,0.5,1.0,2,128,4,512,2,30000,250,1.0,0.6567656545078053,1.0,0.6567656545078053,1.9285446565576692,3.842864751815796
path_h3_d2_krylov_then_softmax_m3_seed3,path,3,3,6,True,krylov>softmax,krylov,3,1.0,0.5,1.0,2,128,4,512,3,30000,250,1.0,0.6581381994135239,1.0,0.6581381994135239,1.931193488105762,3.8413591384887695
path_h3_d3_softmax_m1_seed1,path,3,3,6,True,softmax>softmax>softmax,softmax,1,1.0,0.5,1.0,3,128,4,512,1,30000,250,1.0,0.6550828036139993,1.0,0.6550828036139993,1.925301932734258,0.7207047939300537
path_h3_d3_softmax_m1_seed2,path,3,3,6,True,softmax>softmax>softmax,softmax,1,1.0,0.5,1.0,3,128,4,512,2,30000,250,1.0,0.6547270073610194,1.0,0.6547270073610194,1.9246170393692077,0.7222683429718018
path_h3_d3_softmax_m1_seed3,path,3,3,6,True,softmax>softmax>softmax,softmax,1,1.0,0.5,1.0,3,128,4,512,3,30000,250,1.0,0.6551390255198759,1.0,0.6551390255198759,1.925410179921207,0.721668004989624
path_h3_d3_krylov_m1_seed1,path,3,3,6,True,krylov>krylov>krylov,krylov,1,1.0,0.5,1.0,3,128,4,512,1,30000,250,1.0,0.6575867316302131,1.0,0.6575867316302131,1.93012879071387,4.8673365116119385
path_h3_d3_krylov_m1_seed2,path,3,3,6,True,krylov>krylov>krylov,krylov,1,1.0,0.5,1.0,3,128,4,512,2,30000,250,1.0,0.6553153907551484,1.0,0.6553153907551484,1.925749785286995,4.864276647567749
path_h3_d3_krylov_m1_seed3,path,3,3,6,True,krylov>krylov>krylov,krylov,1,1.0,0.5,1.0,3,128,4,512,3,30000,250,1.0,0.659824977201574,1.0,0.659824977201574,1.93445373126579,4.868266820907593
path_h3_d3_krylov_m2_seed1,path,3,3,6,True,krylov>krylov>krylov,krylov,2,1.0,0.5,1.0,3,128,4,512,1,30000,250,1.0,0.6573781518375172,1.0,0.6573781518375172,1.9297262468335457,7.7574782371521
path_h3_d3_krylov_m2_seed2,path,3,3,6,True,krylov>krylov>krylov,krylov,2,1.0,0.5,1.0,3,128,4,512,2,30000,250,1.0,0.6554910856134751,1.0,0.6554910856134751,1.9260881593471144,7.7484352588653564
path_h3_d3_krylov_m2_seed3,path,3,3,6,True,krylov>krylov>krylov,krylov,2,1.0,0.5,1.0,3,128,4,512,3,30000,250,1.0,0.6603370470159194,1.0,0.6603370470159194,1.9354445602939865,7.735513210296631
path_h3_d3_krylov_m3_seed1,path,3,3,6,True,krylov>krylov>krylov,krylov,3,1.0,0.5,1.0,3,128,4,512,1,30000,250,1.0,0.6576065400067498,1.0,0.6576065400067498,1.9301670238103874,10.699747800827026
path_h3_d3_krylov_m3_seed2,path,3,3,6,True,krylov>krylov>krylov,krylov,3,1.0,0.5,1.0,3,128,4,512,2,30000,250,1.0,0.655760981054867,1.0,0.655760981054867,1.9266080719189016,10.725953578948975
path_h3_d3_krylov_m3_seed3,path,3,3,6,True,krylov>krylov>krylov,krylov,3,1.0,0.5,1.0,3,128,4,512,3,30000,250,1.0,0.6600019595202278,1.0,0.6600019595202278,1.9347961256704618,10.724203109741211
path_h3_d3_krylov_then_softmax_m1_seed1,path,3,3,6,True,krylov>krylov>softmax,krylov,1,1.0,0.5,1.0,3,128,4,512,1,30000,250,1.0,0.6577899203580968,1.0,0.6577899203580968,1.9305210109735254,3.5152359008789062
path_h3_d3_krylov_then_softmax_m1_seed2,path,3,3,6,True,krylov>krylov>softmax,krylov,1,1.0,0.5,1.0,3,128,4,512,2,30000,250,1.0,0.6570387812221752,1.0,0.6570387812221752,1.9290714655627617,3.514256000518799
path_h3_d3_krylov_then_softmax_m1_seed3,path,3,3,6,True,krylov>krylov>softmax,krylov,1,1.0,0.5,1.0,3,128,4,512,3,30000,250,1.0,0.6596456667956184,1.0,0.6596456667956184,1.9341068946785682,3.506253242492676
path_h3_d3_krylov_then_softmax_m2_seed1,path,3,3,6,True,krylov>krylov>softmax,krylov,2,1.0,0.5,1.0,3,128,4,512,1,30000,250,1.0,0.6577768017263973,1.0,0.6577768017263973,1.9304956853455133,5.433488368988037
path_h3_d3_krylov_then_softmax_m2_seed2,path,3,3,6,True,krylov>krylov>softmax,krylov,2,1.0,0.5,1.0,3,128,4,512,2,30000,250,1.0,0.6574477420133703,1.0,0.6574477420133703,1.9298605414951513,5.395496129989624
path_h3_d3_krylov_then_softmax_m2_seed3,path,3,3,6,True,krylov>krylov>softmax,krylov,2,1.0,0.5,1.0,3,128,4,512,3,30000,250,1.0,0.6598483955158907,1.0,0.6598483955158907,1.934499033441748,5.475682735443115
path_h3_d3_krylov_then_softmax_m3_seed1,path,3,3,6,True,krylov>krylov>softmax,krylov,3,1.0,0.5,1.0,3,128,4,512,1,30000,250,1.0,0.6577652819016401,1.0,0.6577652819016401,1.9304734465016176,7.424304008483887
path_h3_d3_krylov_then_softmax_m3_seed2,path,3,3,6,True,krylov>krylov>softmax,krylov,3,1.0,0.5,1.0,3,128,4,512,2,30000,250,1.0,0.6574424042421229,1.0,0.6574424042421229,1.929850240368534,7.401376008987427
path_h3_d3_krylov_then_softmax_m3_seed3,path,3,3,6,True,krylov>krylov>softmax,krylov,3,1.0,0.5,1.0,3,128,4,512,3,30000,250,1.0,0.6598626417272231,1.0,0.6598626417272231,1.9345265929201094,7.425782203674316
path_h3_d4_softmax_m1_seed1,path,3,3,6,True,softmax>softmax>softmax>softmax,softmax,1,1.0,0.5,1.0,4,128,4,512,1,30000,250,1.0,0.6517418384552002,1.0,0.6517418384552002,1.9188802992568934,0.8949036598205566
path_h3_d4_softmax_m1_seed2,path,3,3,6,True,softmax>softmax>softmax>softmax,softmax,1,1.0,0.5,1.0,4,128,4,512,2,30000,250,1.0,0.6544730523053337,1.0,0.6544730523053337,1.924128335198875,0.8945841789245605
path_h3_d4_softmax_m1_seed3,path,3,3,6,True,softmax>softmax>softmax>softmax,softmax,1,1.0,0.5,1.0,4,128,4,512,3,30000,250,1.0,0.6563294270459343,1.0,0.6563294270459343,1.9277035558859779,0.8815011978149414
path_h3_d4_krylov_m1_seed1,path,3,3,6,True,krylov>krylov>krylov>krylov,krylov,1,1.0,0.5,1.0,4,128,4,512,1,30000,250,1.0,0.6569638112012077,1.0,0.6569638112012077,1.9289268484555824,6.424066781997681
path_h3_d4_krylov_m1_seed2,path,3,3,6,True,krylov>krylov>krylov>krylov,krylov,1,1.0,0.5,1.0,4,128,4,512,2,30000,250,1.0,0.656619930267334,1.0,0.656619930267334,1.9282636413282401,6.434847593307495
path_h3_d4_krylov_m1_seed3,path,3,3,6,True,krylov>krylov>krylov>krylov,krylov,1,1.0,0.5,1.0,4,128,4,512,3,30000,250,1.0,0.6592567556044635,1.0,0.6592567556044635,1.9333548451120632,6.50937819480896
path_h3_d4_krylov_m2_seed1,path,3,3,6,True,krylov>krylov>krylov>krylov,krylov,2,1.0,0.5,1.0,4,128,4,512,1,30000,250,1.0,0.6569411922903622,1.0,0.6569411922903622,1.9288832187246,10.319220781326294
path_h3_d4_krylov_m2_seed2,path,3,3,6,True,krylov>krylov>krylov>krylov,krylov,2,1.0,0.5,1.0,4,128,4,512,2,30000,250,1.0,0.6568513561697568,1.0,0.6568513561697568,1.9287099431224493,10.329967260360718
path_h3_d4_krylov_m2_seed3,path,3,3,6,True,krylov>krylov>krylov>krylov,krylov,2,1.0,0.5,1.0,4,128,4,512,3,30000,250,1.0,0.6591425979838652,1.0,0.6591425979838652,1.9331341505203976,10.383997917175293
path_h3_d4_krylov_m3_seed1,path,3,3,6,True,krylov>krylov>krylov>krylov,krylov,3,1.0,0.5,1.0,4,128,4,512,1,30000,250,1.0,0.6568827376646154,1.0,0.6568827376646154,1.9287704698733181,14.523989915847778
path_h3_d4_krylov_m3_seed2,path,3,3,6,True,krylov>krylov>krylov>krylov,krylov,3,1.0,0.5,1.0,4,128,4,512,2,30000,250,1.0,0.656897600959329,1.0,0.656897600959329,1.9287991379702976,14.445366382598877
path_h3_d4_krylov_m3_seed3,path,3,3,6,True,krylov>krylov>krylov>krylov,krylov,3,1.0,0.5,1.0,4,128,4,512,3,30000,250,1.0,0.6592808611252728,1.0,0.6592808611252728,1.9334014501992318,14.388478755950928
path_h3_d4_krylov_then_softmax_m1_seed1,path,3,3,6,True,krylov>krylov>krylov>softmax,krylov,1,1.0,0.5,1.0,4,128,4,512,1,30000,250,1.0,0.6557739173664766,1.0,0.6557739173664766,1.9266329952824774,5.049991130828857
path_h3_d4_krylov_then_softmax_m1_seed2,path,3,3,6,True,krylov>krylov>krylov>softmax,krylov,1,1.0,0.5,1.0,4,128,4,512,2,30000,250,1.0,0.6572827255024629,1.0,0.6572827255024629,1.9295421089160951,5.055081844329834
path_h3_d4_krylov_then_softmax_m1_seed3,path,3,3,6,True,krylov>krylov>krylov>softmax,krylov,1,1.0,0.5,1.0,4,128,4,512,3,30000,250,1.0,0.658768191057093,1.0,0.658768191057093,1.9324105071810558,5.0552496910095215
path_h3_d4_krylov_then_softmax_m2_seed1,path,3,3,6,True,krylov>krylov>krylov>softmax,krylov,2,1.0,0.5,1.0,4,128,4,512,1,30000,250,1.0,0.6571198856129365,1.0,0.6571198856129365,1.9292279280735238,7.921247482299805
path_h3_d4_krylov_then_softmax_m2_seed2,path,3,3,6,True,krylov>krylov>krylov>softmax,krylov,2,1.0,0.5,1.0,4,128,4,512,2,30000,250,1.0,0.6580577261307661,1.0,0.6580577261307661,1.9310380848791213,7.950666427612305
path_h3_d4_krylov_then_softmax_m2_seed3,path,3,3,6,True,krylov>krylov>krylov>softmax,krylov,2,1.0,0.5,1.0,4,128,4,512,3,30000,250,1.0,0.6588110110338996,1.0,0.6588110110338996,1.9324932547257652,8.064419746398926
path_h3_d4_krylov_then_softmax_m3_seed1,path,3,3,6,True,krylov>krylov>krylov>softmax,krylov,3,1.0,0.5,1.0,4,128,4,512,1,30000,250,1.0,0.6557884665096507,1.0,0.6557884665096507,1.9266610263456831,10.995164632797241
path_h3_d4_krylov_then_softmax_m3_seed2,path,3,3,6,True,krylov>krylov>krylov>softmax,krylov,3,1.0,0.5,1.0,4,128,4,512,2,30000,250,1.0,0.6596665578729967,1.0,0.6596665578729967,1.9341473006774237,10.969042539596558
path_h3_d4_krylov_then_softmax_m3_seed3,path,3,3,6,True,krylov>krylov>krylov>softmax,krylov,3,1.0,0.5,1.0,4,128,4,512,3,30000,250,1.0,0.6586251062505385,1.0,0.6586251062505385,1.9321340283778814,10.967804670333862
